start_day,start_month,end_day,end_month,stage,taxon,tvk
1,5,30,9,mature,Harpocera thoracica,NHMSYS0020109258
1,6,31,10,mature,Loricula pselaphiformis,NHMSYS0020109263
1,6,31,8,mature,Stenotus binotatus,NHMSYS0020109271
1,5,30,9,mature,Acetropis (Acetropis) gimmerthalii,NHMSYS0020308889
1,7,31,10,mature,Adelphocoris lineolatus,NHMSYS0020308897
1,7,30,9,mature,Adelphocoris seticornis,NHMSYS0020308898
1,7,31,8,mature,Adelphocoris ticinensis,NHMSYS0020308899
1,6,31,10,mature,Alloeotomus gothicus,NHMSYS0020308914
1,6,31,8,mature,Amblytylus brevicollis,NHMSYS0020308918
1,6,31,8,mature,Amblytylus delicatus,NHMSYS0020308919
1,5,31,8,mature,Amblytylus nasutus,NHMSYS0020308920
1,6,30,9,mature,Asciodema obsoleta,NHMSYS0020308968
1,6,30,9,mature,Atractotomus magnicornis,NHMSYS0020308971
1,5,30,9,mature,Atractotomus mali,NHMSYS0020308972
1,6,30,9,mature,Atractotomus parvulus,NHMSYS0020308973
1,6,31,10,mature,Blepharidopterus angulatus,NHMSYS0020308991
1,7,30,9,mature,Blepharidopterus diaphanus,NHMSYS0020308992
1,6,31,10,mature,Bothynotus pilosus,NHMSYS0020308997
1,5,31,7,mature,Brachyarthrum limitatum,NHMSYS0020308999
1,8,31,8,mature,Brachynotocoris puncticornis,NHMSYS0020309003
1,6,31,10,mature,Bryocoris pteridis,NHMSYS0020309009
1,6,31,7,mature,Calocoris (Calocoris) alpestris,NHMSYS0020309017
1,6,31,10,mature,Calocoris (Calocoris) roseomaculatus,NHMSYS0020309018
1,6,30,9,mature,Camptozygum aequale,NHMSYS0020309027
1,5,30,9,mature,Campylomma annulicorne,NHMSYS0020309029
1,6,31,10,mature,Campylomma verbasci,NHMSYS0020309030
1,7,31,10,mature,Campyloneura virgula,NHMSYS0020309032
1,6,31,8,mature,Capsodes flavomarginatus,NHMSYS0020309038
1,6,31,8,mature,Capsodes gothicus,NHMSYS0020309039
1,6,31,8,mature,Capsodes sulcatus,NHMSYS0020309040
1,7,31,8,mature,Capsus ater,NHMSYS0020309042
1,6,31,8,mature,Capsus wagneri,NHMSYS0020309043
1,7,30,9,mature,Charagochilus (Charagochilus) weberi,NHMSYS0020309062
1,6,30,9,mature,Chlamydatus (Chlamydatus) saltitans,NHMSYS0020309074
1,6,31,7,mature,Chlamydatus (Euattus) pulicarius,NHMSYS0020309076
1,5,30,9,mature,Chlamydatus (Euattus) pullus,NHMSYS0020309077
1,6,31,10,mature,Chlamydatus (Eurymerocoris) evanescens,NHMSYS0020309079
1,5,31,8,mature,Chlamydatus (Eurymerocoris) wilkinsoni,NHMSYS0020309080
1,6,31,10,mature,Chorosoma schillingi,NHMSYS0020309082
1,7,31,10,mature,Compsidolon (Coniortodes) salicellum,NHMSYS0020309093
1,6,31,7,mature,Conostethus brevis,NHMSYS0020309095
1,6,31,7,mature,Conostethus griseus,NHMSYS0020309096
1,5,31,7,mature,Conostethus roseus,NHMSYS0020309097
1,6,31,10,mature,Coranus (Coranus) subapterus,NHMSYS0020309101
1,6,30,9,mature,Cyllecoris histrionius,NHMSYS0020309124
1,7,31,10,mature,Cyrtorhinus caricis,NHMSYS0020309136
1,5,31,8,mature,Deraeocoris (Deraeocoris) flavilinea,NHMSYS0020309142
1,5,31,7,mature,Deraeocoris (Deraeocoris) olivaceus,NHMSYS0020309143
1,5,30,9,mature,Deraeocoris (Deraeocoris) ruber,NHMSYS0020309144
1,6,31,8,mature,Deraeocoris (Deraeocoris) scutellaris,NHMSYS0020309145
1,6,31,7,mature,Dichrooscytus gustavi,NHMSYS0020309152
1,6,31,8,mature,Dichrooscytus rufipennis,NHMSYS0020309153
1,6,31,10,mature,Dictyonota fuliginosa,NHMSYS0020309160
1,6,31,10,mature,Dictyonota strichnocera,NHMSYS0020309161
1,7,30,9,mature,Dicyphus (Dicyphus) constrictus,NHMSYS0020309168
1,5,30,11,mature,Dicyphus (Dicyphus) epilobii,NHMSYS0020309169
1,6,31,10,mature,Dicyphus (Dicyphus) errans,NHMSYS0020309170
1,5,31,7,mature,Dryophilocoris (Dryophilocoris) flavoquadrimaculatus,NHMSYS0020309191
1,6,31,8,mature,Empicoris baerensprungi,NHMSYS0020309209
1,6,31,10,mature,Europiella artemisiae,NHMSYS0020309220
1,6,31,10,mature,Europiella decolor,NHMSYS0020309221
1,6,30,9,mature,Fieberocapsus flaveolus,NHMSYS0020309237
1,6,30,9,mature,Globiceps (Kelidocoris) flavomaculatus,NHMSYS0020309265
1,7,30,9,mature,Globiceps (Kelidocoris) fulvicollis subsp. cruciatus,NHMSYS0020309266
1,6,31,8,mature,Globiceps (Kelidocoris) juniperi,NHMSYS0020309267
1,7,30,9,mature,Hallodapus montandoni,NHMSYS0020309276
1,7,30,9,mature,Hallodapus rufescens,NHMSYS0020309277
1,6,31,8,mature,Halticus apterus,NHMSYS0020309282
1,6,30,9,mature,Halticus luteicollis,NHMSYS0020309283
1,7,31,8,mature,Halticus macrocephalus,NHMSYS0020309284
1,7,30,9,mature,Halticus saltator,NHMSYS0020309285
1,6,31,8,mature,Heterocordylus (Heterocordylus) genistae,NHMSYS0020309302
1,5,31,8,mature,Heterocordylus (Heterocordylus) tibialis,NHMSYS0020309304
1,7,31,10,mature,Heterotoma planicornis,NHMSYS0020309310
1,3,30,11,mature,Himacerus (Anaptus) major,NHMSYS0020309313
1,7,31,10,mature,Himacerus (Himacerus) apterus,NHMSYS0020309317
1,6,30,9,mature,Himacerus (Stalia) boops,NHMSYS0020309319
1,6,31,7,mature,Hoplomachus thunbergii,NHMSYS0020309324
1,6,31,8,mature,Hypseloecus visci,NHMSYS0020309331
1,4,30,9,mature,Leptopterna dolabrata,NHMSYS0020309360
1,6,30,9,mature,Leptopterna ferrugata,NHMSYS0020309361
1,6,31,8,mature,Lopus decolor,NHMSYS0020309369
1,6,31,10,mature,Loricula elegantula,NHMSYS0020309371
1,6,31,10,mature,Lygocoris (Lygocoris) pabulinus,NHMSYS0020309387
1,6,30,9,mature,Lygocoris (Lygocoris) rugicollis,NHMSYS0020309388
1,5,31,8,mature,Macrolophus pygmaeus,NHMSYS0020309403
1,7,31,8,mature,Macrolophus rubi,NHMSYS0020309404
1,7,30,9,mature,Macrotylus (Alloeonycha) horvathi,NHMSYS0020309411
1,5,30,9,mature,Macrotylus (Alloeonycha) paykulli,NHMSYS0020309412
1,5,30,9,mature,Macrotylus (Alloeonycha) solitarius,NHMSYS0020309413
1,6,31,10,mature,Malacocoris chlorizans,NHMSYS0020309415
1,6,31,8,mature,Mecomma (Globicellus) dispar,NHMSYS0020309418
1,6,30,9,mature,Mecomma (Mecomma) ambulans,NHMSYS0020309420
1,8,30,9,mature,Megacoelum beckeri,NHMSYS0020309422
1,7,31,10,mature,Megacoelum infusum,NHMSYS0020309423
1,5,30,9,mature,Megaloceroea recticornis,NHMSYS0020309425
1,6,30,9,mature,Megalocoleus molliculus,NHMSYS0020309427
1,6,30,9,mature,Megalocoleus tanaceti,NHMSYS0020309428
1,6,31,10,mature,Megalonotus emarginatus,NHMSYS0020309434
1,7,31,8,mature,Miridius quadrivirgatus,NHMSYS0020309470
1,5,31,8,mature,Miris striatus,NHMSYS0020309474
1,6,30,9,mature,Monosynamma bohemanni,NHMSYS0020309480
1,6,30,9,mature,Monosynamma maritimum,NHMSYS0020309481
1,6,30,9,mature,Monosynamma sabulicola,NHMSYS0020309482
1,6,31,8,mature,Myrmecoris gracilis,NHMSYS0020309485
1,6,30,9,mature,Myrmedobia coleoptrata,NHMSYS0020309487
1,6,30,9,mature,Myrmedobia distinguenda,NHMSYS0020309488
1,6,30,9,mature,Myrmedobia exilis,NHMSYS0020309489
1,6,30,9,mature,Myrmedobia inconspicua,NHMSYS0020309490
1,6,31,10,mature,Nabis (Dolichonabis) limbatus,NHMSYS0020309497
1,6,31,10,mature,Nabis (Limnonabis) lineatus,NHMSYS0020309499
1,5,31,10,mature,Nabis (Nabicula) flavomarginatus,NHMSYS0020309501
1,6,31,8,mature,Notostira elongata,NHMSYS0020309530
1,6,31,10,mature,Odontoscelis (Odontoscelis) fuliginosa,NHMSYS0020309545
1,6,31,10,mature,Odontoscelis (Odontoscelis) lineola,NHMSYS0020309546
1,6,30,9,mature,Oncotylus (Oncotylus) viridiflavus,NHMSYS0020309555
1,6,31,8,mature,Orthocephalus coriaceus,NHMSYS0020309570
1,7,30,9,mature,Orthocephalus saltator,NHMSYS0020309571
1,5,30,9,mature,Orthonotus rufifrons,NHMSYS0020309575
1,6,31,10,mature,Orthotylus (Litocoris) ericetorum,NHMSYS0020309585
1,6,30,9,mature,Orthotylus (Melanotrichus) flavosparsus,NHMSYS0020309587
1,7,31,10,mature,Orthotylus (Melanotrichus) moncreaffi,NHMSYS0020309588
1,7,31,10,mature,Orthotylus (Melanotrichus) rubidus,NHMSYS0020309589
1,6,31,8,mature,Orthotylus (Orthotylus) flavinervis,NHMSYS0020309591
1,6,31,8,mature,Orthotylus (Orthotylus) marginalis,NHMSYS0020309592
1,7,30,9,mature,Orthotylus (Orthotylus) nassatus,NHMSYS0020309593
1,7,30,9,mature,Orthotylus (Orthotylus) ochrotrichus,NHMSYS0020309594
1,7,30,9,mature,Orthotylus (Orthotylus) prasinus,NHMSYS0020309595
1,6,31,8,mature,Orthotylus (Orthotylus) tenellus,NHMSYS0020309596
1,7,30,9,mature,Orthotylus (Orthotylus) virens,NHMSYS0020309597
1,7,31,8,mature,Orthotylus (Orthotylus) viridinervis,NHMSYS0020309598
1,6,30,9,mature,Orthotylus (Pachylops) adenocarpi,NHMSYS0020309600
1,7,30,9,mature,Orthotylus (Pachylops) concolor,NHMSYS0020309601
1,7,30,9,mature,Orthotylus (Pachylops) virescens,NHMSYS0020309602
1,6,31,8,mature,Orthotylus (Pinocapsus) fuscescens,NHMSYS0020309604
1,7,30,9,mature,Orthotylus (Pseudorthotylus) bilineatus,NHMSYS0020309606
1,7,31,8,mature,Pachytomella parallela,NHMSYS0020309612
1,8,31,10,mature,Pantilius (Pantilius) tunicatus,NHMSYS0020309616
1,6,31,8,mature,Parapsallus vitellinus,NHMSYS0020309622
1,6,31,8,mature,Phoenicocoris obscurellus,NHMSYS0020309636
1,5,31,8,mature,Phylus (Phylus) coryli,NHMSYS0020309641
1,5,31,8,mature,Phylus (Phylus) melanocephalus,NHMSYS0020309642
1,8,30,9,mature,Phytocoris (Ktenocoris) insignis,NHMSYS0020309649
1,6,31,10,mature,Phytocoris (Ktenocoris) ulmi,NHMSYS0020309650
1,6,31,10,mature,Phytocoris (Ktenocoris) varipes,NHMSYS0020309651
1,6,30,11,mature,Phytocoris (Phytocoris) dimidiatus,NHMSYS0020309653
1,7,31,10,mature,Phytocoris (Phytocoris) longipennis,NHMSYS0020309654
1,7,31,10,mature,Phytocoris (Phytocoris) pini,NHMSYS0020309655
1,7,31,10,mature,Phytocoris (Phytocoris) populi,NHMSYS0020309656
1,7,30,9,mature,Phytocoris (Phytocoris) reuteri,NHMSYS0020309657
1,6,31,10,mature,Phytocoris (Phytocoris) tiliae,NHMSYS0020309658
1,7,30,11,mature,Pilophorus cinnamopterus,NHMSYS0020309667
1,7,30,9,mature,Pilophorus clavatus,NHMSYS0020309668
1,7,31,8,mature,Pilophorus confusus,NHMSYS0020309669
1,7,31,10,mature,Pilophorus perplexus,NHMSYS0020309670
1,6,30,9,mature,Pinalitus rubricatus,NHMSYS0020309674
1,7,30,9,mature,Pinalitus viscicola,NHMSYS0020309675
1,6,31,8,mature,Pithanus maerkelii,NHMSYS0020309679
1,7,30,9,mature,Placochilus seladonicus,NHMSYS0020309681
1,6,30,9,mature,Plagiognathus (Plagiognathus) arbustorum,NHMSYS0020309684
1,6,30,9,mature,Plagiognathus (Plagiognathus) chrysanthemi,NHMSYS0020309685
1,7,31,10,mature,Platycranus (Genistocapsus) bicolor,NHMSYS0020309688
1,6,31,8,mature,Plesiodema pinetella,NHMSYS0020309694
1,6,30,9,mature,Polymerus (Poeciloscytus) palustris,NHMSYS0020309704
1,6,30,9,mature,Polymerus (Poeciloscytus) unifasciatus,NHMSYS0020309705
1,8,30,9,mature,Polymerus (Poeciloscytus) vulneratus,NHMSYS0020309707
1,6,30,9,mature,Polymerus (Polymerus) nigrita,NHMSYS0020309709
1,6,31,8,mature,Psallodema fieberi,NHMSYS0020309716
1,5,31,7,mature,Psallus (Apocremnus) betuleti,NHMSYS0020309719
1,6,31,7,mature,Psallus (Apocremnus) montanus,NHMSYS0020309720
1,6,31,7,mature,Psallus (Hylopsallus) assimilis,NHMSYS0020309722
1,6,31,8,mature,Psallus (Hylopsallus) perrisi,NHMSYS0020309723
1,6,31,7,mature,Psallus (Hylopsallus) variabilis,NHMSYS0020309725
1,6,31,7,mature,Psallus (Hylopsallus) wagneri,NHMSYS0020309726
1,5,31,8,mature,Psallus (Mesopsallus) ambiguus,NHMSYS0020309728
1,6,31,8,mature,Psallus (Phylidea) quercus,NHMSYS0020309730
1,6,31,8,mature,Psallus (Pityopsallus) luridus,NHMSYS0020309732
1,6,31,7,mature,Psallus (Psallus) albicinctus,NHMSYS0020309734
1,5,31,8,mature,Psallus (Psallus) confusus,NHMSYS0020309735
1,7,30,9,mature,Psallus (Psallus) falleni,NHMSYS0020309736
1,6,31,8,mature,Psallus (Psallus) flavellus,NHMSYS0020309737
1,7,30,9,mature,Psallus (Psallus) haematodes,NHMSYS0020309738
1,6,30,9,mature,Psallus (Psallus) lepidus,NHMSYS0020309739
1,6,31,8,mature,Psallus (Psallus) mollis,NHMSYS0020309740
1,7,30,9,mature,Psallus (Psallus) salicis,NHMSYS0020309741
1,6,30,9,mature,Psallus (Psallus) varians,NHMSYS0020309742
1,7,30,9,mature,Pseudoloxops coccineus,NHMSYS0020309744
1,6,31,10,mature,Stephanitis rhododendri,NHMSYS0020309856
1,6,31,8,mature,Sthenarus rotermundi,NHMSYS0020309858
1,6,31,8,mature,Strongylocoris leucocephalus,NHMSYS0020309864
1,6,31,8,mature,Strongylocoris luridus,NHMSYS0020309865
1,7,30,11,mature,Stygnocoris rusticus,NHMSYS0020309869
1,7,30,11,mature,Stygnocoris sabulosus,NHMSYS0020309870
1,5,31,8,mature,Systellonotus triguttatus,NHMSYS0020309874
1,7,31,10,mature,Teratocoris antennatus,NHMSYS0020309886
1,7,31,8,mature,Teratocoris caricis,NHMSYS0020309887
1,7,31,10,mature,Teratocoris saundersi,NHMSYS0020309888
1,6,31,8,mature,Teratocoris viridis,NHMSYS0020309889
1,6,31,8,mature,Tinicephalus (Tinicephalus) hortulanus,NHMSYS0020309907
1,6,30,9,mature,Trigonotylus caelestialium,NHMSYS0020309915
1,6,31,8,mature,Trigonotylus psammaecolor,NHMSYS0020309916
1,6,30,9,mature,Trigonotylus ruficornis,NHMSYS0020309917
1,6,30,9,mature,Tupiocoris rhododendri,NHMSYS0020309925
1,7,30,9,mature,Tuponia (Tuponia) mixticolor,NHMSYS0020309930
1,8,30,9,mature,Tytthus pubescens,NHMSYS0020309932
1,6,30,9,mature,Tytthus pygmaeus,NHMSYS0020309933
1,6,30,9,mature,Zygimus nigriceps,NHMSYS0020309952
1,6,31,8,mature,Salicarus (Salicarus) roseri,NHMSYS0020705907
1,5,31,8,mature,Rhabdomiris striatellus,NHMSYS0020784510
1,5,30,9,mature,Conostethus venustus,NHMSYS0020973307
1,7,31,10,mature,Apolygus lucorum,NHMSYS0020976911
1,6,30,9,mature,Apolygus spinolae,NHMSYS0020976917
1,6,31,8,mature,Closterotomus norwegicus,NHMSYS0020976950
1,6,31,8,mature,Closterotomus fulvomaculatus,NHMSYS0020976956
1,4,31,10,mature,Neolygus contaminatus,NHMSYS0020976989
1,6,30,9,mature,Neolygus populi,NHMSYS0020976995
1,6,30,9,mature,Neolygus viridis,NHMSYS0020977001
1,5,30,9,mature,Grypocoris (Lophyromiris) stysi,NHMSYS0020977054
